Year,Month,Action,Adult,Adventure,Animation,Biography,Comedy,Crime,Documentary,Drama,Family,Fantasy,Film Noir,Game Show,History,Horror,Musical,Music,Mystery,News,Reality-TV,Romance,Sci-Fi,Short,Sport,Talk-Show,Thriller,War,Western
2000,January,0.4265,0,0.53799,0.52979,0.48252,0.54099,0.53095,0.28723,0.53155,0.60904,0.62842,0,0,0.44149,0.68617,0.33333,0.55745,0.6117,0,0,0.55851,0.68972,0.34574,0.56206,0,0.54551,0.3617,0.25532
2000,February,0.36067,0,0.57337,0.57609,0.54447,0.5123,0.56366,0.31833,0.50497,0.63527,0.52866,0,0,0.43043,0.70217,0.82608,0.60326,0.61956,0,0,0.53133,0.55254,0.38044,0.55652,0,0.56196,0.09239,0.0
2000,March,0.51782,0,0.68218,0.64158,0.50135,0.55504,0.52255,0.39164,0.45011,0.6505,0.54125,0,0,0.41832,0.63696,0.71287,0.4703,0.54868,0,0,0.5185,0.65941,0.51287,0.4215,0,0.48548,0.25743,0.0
2000,April,0.48438,0,0.55332,0.68077,0.39511,0.53526,0.5345,0.28269,0.49094,0.68532,0.6044,0,0,0.32692,0.59615,0.66026,0.55289,0.58333,0,0,0.50592,0.60165,0.41667,0.44231,0,0.5174,0.97596,0.0
2000,May,0.72959,0,0.65578,0.59592,0.36508,0.48792,0.54239,0.34354,0.49698,0.55442,0.35884,0,0,0.32245,0.51531,0.5068,0.32823,0.4324,0,0,0.52708,0.58163,0.52041,0.51633,0,0.58043,0.89286,0.91837
2000,June,0.66881,0,0.63093,0.69301,0.4165,0.56107,0.5226,0.37869,0.45857,0.63853,0.68454,0,0,0.4165,0.36598,0.42612,0.49313,0.34639,0,0,0.5073,0.55799,0.53265,0.5567,0,0.57023,0.49484,0.90722
2000,July,0.72039,0,0.60148,0.66235,0.40534,0.53057,0.4705,0.44466,0.43076,0.6265,0.75728,0,0,0.61165,0.80582,0.41019,0.41554,0.52816,0,0,0.43608,0.62743,0.55825,0.46845,0,0.52589,0.51942,0.71845
2000,August,0.71369,0,0.69628,0.59524,0.23809,0.51097,0.60641,0.40408,0.43006,0.62415,0.77551,0,0,0.70408,0.72619,0.48299,0.36122,0.59184,0,0,0.37604,0.70522,0.49617,0.48834,0,0.71189,0.50255,0.65306
2000,September,0.61276,0,0.63942,0.575,0.35817,0.56437,0.55529,0.41266,0.43479,0.5625,0.59134,0,0,0.3077,0.74725,0.29487,0.54258,0.63077,0,0,0.44346,0.62393,0.46539,0.54567,0,0.59736,0.35192,0.41346
2000,October,0.53505,0,0.5635,0.43458,0.44159,0.55756,0.44977,0.34476,0.4506,0.48287,0.5514,0,0,0.23364,0.76635,0.5,0.58344,0.84579,0,0,0.4802,0.58478,0.43458,0.64887,0,0.59082,0.25421,0.0
2000,November,0.48847,0,0.6068,0.60194,0.66748,0.54636,0.37046,0.3828,0.45253,0.62217,0.70079,0,0,0.19418,0.54005,0.46796,0.56505,0.59362,0,0,0.55717,0.60733,0.67476,0.54153,0,0.49786,0.32363,0.0
2000,December,0.56075,0,0.58515,0.58723,0.43692,0.53785,0.43068,0.46168,0.44889,0.53583,0.66685,0,0,0.29283,0.49132,0.43458,0.60561,0.56208,0,0,0.51853,0.5771,0.52103,0.61122,0,0.4983,0.37695,0.40187
2001,January,0.60317,0,0.70648,0.61389,0.47334,0.51429,0.7101,0.36984,0.47143,0.51852,0.58819,0,0,0.28055,0.48667,0.35556,0.67222,0.55079,0,0,0.48889,0.45741,0.45079,0.36944,0,0.57124,0.25556,0.38889
2001,February,0.57722,0,0.59146,0.65783,0.44097,0.58715,0.66954,0.21687,0.44654,0.56454,0.54538,0,0,0.5,0.47189,0.40964,0.56145,0.49398,0,0,0.59298,0.53414,0.33132,0.25301,0,0.52878,0.57831,0.18072
2001,March,0.63932,0,0.56752,0.52963,0.56296,0.51313,0.70903,0.20889,0.46908,0.53704,0.45983,0,0,0.53611,0.37778,0.31111,0.4963,0.29753,0,0,0.52087,0.38,0.42222,0.48888,0,0.50432,0.69444,0.0
2001,April,0.62518,0,0.66413,0.56634,0.46931,0.56053,0.5495,0.29043,0.44971,0.58614,0.5264,0,0,0.55941,0.25495,0.55446,0.50919,0.30583,0,0,0.49103,0.61782,0.57756,0.59406,0,0.44455,0.91089,0.30693
2001,May,0.62197,0,0.66439,0.46969,0.42046,0.53232,0.47348,0.3608,0.47277,0.47624,0.51136,0,0,0.59546,0.82955,0.375,0.35085,0.46818,0,0,0.51371,0.5303,0.44886,0.71022,0,0.59659,0.49716,0.27273
2001,June,0.73422,0,0.56061,0.55387,0.27273,0.49317,0.59019,0.42985,0.44108,0.60101,0.54257,0,0,0.4899,0.51515,0.65656,0.37149,0.37807,0,0,0.51515,0.74748,0.51717,0.633,0,0.63102,0.45859,0.22728
2001,July,0.75294,0,0.63095,0.67333,0.16389,0.48476,0.58016,0.38889,0.42289,0.64603,0.69778,0,0,0.46445,0.73334,0.47778,0.29167,0.53611,0,0,0.46552,0.85238,0.50889,0.31482,0,0.68954,0.45,0.0
2001,August,0.76182,0,0.66694,0.57269,0.21276,0.56411,0.5195,0.26596,0.39431,0.62447,0.58027,0,0,0.36525,0.71064,0.50532,0.46596,0.62447,0,0,0.45995,0.65603,0.35319,0.59574,0,0.63606,0.53191,0.82979
2001,September,0.57757,0,0.60016,0.39565,0.21739,0.54891,0.43098,0.10689,0.45575,0.55978,0.44466,0,0,0.6087,0.6913,0.33967,0.62391,0.68116,0,0,0.50072,0.56621,0.14946,0.46957,0,0.59265,0.67392,0.68478
2001,October,0.55291,0,0.49347,0.36658,0.46855,0.53868,0.55795,0.1442,0.4681,0.61085,0.44261,0,0,0.3349,0.56918,0.17925,0.30189,0.63207,0,0,0.46712,0.4566,0.46227,0.62264,0,0.63336,0.40409,0.48113
2001,November,0.51786,0,0.55337,0.56939,0.45578,0.55073,0.59291,0.22676,0.4451,0.63393,0.5675,0,0,0.27551,0.49745,0.29592,0.16836,0.54507,0,0,0.42857,0.60332,0.39286,0.60459,0,0.57347,0.36939,0.18367
2001,December,0.56463,0,0.55238,0.64127,0.48333,0.54603,0.60068,0.46258,0.43317,0.63492,0.66488,0,0,0.48889,0.52698,0.49206,0.0,0.43428,0,0,0.42527,0.58911,0.51238,0.65524,0,0.54199,0.3551,0.55238
2002,January,0.63441,0,0.68728,0.51766,0.58064,0.48664,0.5,0.40215,0.48059,0.63575,0.72434,0,0,0.75806,0.5672,0.44086,0.41935,0.55795,0,0,0.41856,0.5023,0.39785,0.55914,0,0.55615,0.60573,0.0
2002,February,0.57932,0,0.68675,0.5763,0.45984,0.46102,0.50241,0.27711,0.48126,0.66717,0.62465,0,0,0.66868,0.79117,0.41566,0.0,0.68502,0,0,0.47145,0.60844,0.51807,0.38554,0,0.59598,0.53012,0.0
2002,March,0.6909,0,0.59715,0.61232,0.41486,0.46416,0.68152,0.26449,0.45577,0.66601,0.56988,0,0,0.65217,0.71739,0.30072,0.20109,0.57453,0,0,0.47164,0.6872,0.52174,0.65489,0,0.62908,0.5264,0.0
2002,April,0.65394,0,0.61169,0.6,0.4213,0.48391,0.5607,0.40556,0.44515,0.62191,0.54877,0,0,0.36482,0.65371,0.41666,0.39815,0.51094,0,0,0.5119,0.76158,0.63889,0.62654,0,0.57236,0.36882,0.0
2002,May,0.68956,0,0.69715,0.70443,0.31934,0.48623,0.50658,0.4096,0.45886,0.59896,0.60878,0,0,0.42448,0.58203,0.4349,0.18555,0.46797,0,0,0.54427,0.71441,0.56901,0.55339,0,0.59068,0.6582,0.96094
2002,June,0.79222,0,0.70831,0.71788,0.25431,0.53447,0.41501,0.35169,0.4776,0.71287,0.60555,0,0,0.5298,0.4702,0.40397,0.18654,0.68772,0,0,0.4512,0.79801,0.53808,0.52244,0,0.6634,0.60738,0.9404
2002,July,0.78861,0,0.75253,0.6805,0.28122,0.54248,0.46261,0.36321,0.48361,0.81258,0.70972,0,0,0.40566,0.73428,0.52201,0.24109,0.61268,0,0,0.50043,0.73061,0.49476,0.74214,0,0.61985,0.5849,0.79245
2002,August,0.73038,0,0.69944,0.70239,0.32392,0.56618,0.52005,0.34227,0.46667,0.73075,0.63746,0,0,0.41203,0.69053,0.48596,0.35668,0.62737,0,0,0.50101,0.74281,0.60585,0.67368,0,0.62683,0.5886,0.77895
2002,September,0.72854,0,0.63575,0.48689,0.35021,0.54363,0.5338,0.34951,0.49815,0.63735,0.59281,0,0,0.51942,0.61165,0.54207,0.40777,0.72634,0,0,0.48407,0.70146,0.48166,0.68516,0,0.61065,0.61954,0.0
2002,October,0.67545,0,0.6093,0.65375,0.35349,0.53428,0.59349,0.38947,0.489,0.70862,0.61292,0,0,0.44794,0.76013,0.58895,0.35194,0.70451,0,0,0.50411,0.66605,0.47804,0.48,0,0.61547,0.44612,0.0
2002,November,0.65102,0,0.57957,0.65514,0.29171,0.52004,0.5443,0.35265,0.49945,0.63451,0.57329,0,0,0.31882,0.71049,0.51174,0.34523,0.6844,0,0,0.50142,0.59566,0.46531,0.41628,0,0.58637,0.41002,0.0
2002,December,0.6019,0,0.59992,0.65119,0.45652,0.59093,0.52617,0.35239,0.4784,0.63013,0.65659,0,0,0.37296,0.76223,0.58207,0.49728,0.60675,0,0,0.50451,0.57191,0.47337,0.0,0,0.52514,0.42391,0.0
2003,January,0.65746,0,0.58571,0.63825,0.50937,0.58693,0.60906,0.30747,0.49716,0.67456,0.68499,0,0,0.30289,0.72951,0.59426,0.48415,0.65938,0,0,0.55738,0.56011,0.42259,0.18579,0,0.5687,0.38661,0
2003,February,0.76758,0,0.56109,0.61339,0.58743,0.58123,0.64481,0.32416,0.4918,0.59053,0.51222,0,0,0.3832,0.69126,0.61749,0.45455,0.53318,0,0,0.51322,0.40546,0.39686,0.37158,0,0.60015,0.52161,0
2003,March,0.72872,0.16489,0.64064,0.6875,0.48404,0.57848,0.61028,0.30946,0.48475,0.73077,0.65221,0,0,0.38617,0.6629,0.70137,0.37766,0.61028,0,0,0.5208,0.55615,0.39096,0.50709,0,0.60532,0.55106,0
2003,April,0.67973,0.36318,0.5775,0.65616,0.50675,0.579,0.65395,0.38228,0.45721,0.71269,0.54384,0,0,0.43221,0.61249,0.65032,0.34619,0.71336,0,0,0.51309,0.53178,0.39988,0.4063,0,0.63585,0.51542,0
2003,May,0.68735,0.18534,0.55756,0.63362,0.42241,0.57328,0.6721,0.41921,0.45526,0.68494,0.51157,0,0,0.36925,0.53771,0.64709,0.44861,0.52452,0,0,0.51716,0.62814,0.47953,0.49569,0,0.68009,0.3876,0
2003,June,0.7009,0.1383,0.60662,0.68921,0.42494,0.61059,0.57909,0.38521,0.42658,0.69211,0.63298,0,0,0.40012,0.6318,0.66565,0.43351,0.50842,0,0,0.49551,0.64096,0.38497,0.89894,0,0.66796,0.39628,0
2003,July,0.71066,0.16244,0.66087,0.56853,0.40761,0.5746,0.51863,0.37854,0.43838,0.66288,0.67195,0,0,0.44624,0.62881,0.64467,0.38536,0.54568,0,0,0.47426,0.59681,0.45467,0.61083,0,0.61167,0.39044,0.53299
2003,August,0.76123,0.07107,0.62384,0.55257,0.43706,0.53479,0.48366,0.40941,0.43996,0.65905,0.63564,0,0,0.48667,0.6764,0.58545,0.57642,0.57995,0,0,0.47374,0.60297,0.50761,0.65313,0,0.59146,0.34292,0.80457
2003,September,0.73512,0.0,0.57346,0.52547,0.53412,0.54754,0.52202,0.36019,0.44642,0.61636,0.59076,0,0,0.45929,0.66782,0.42654,0.46524,0.54108,0,0,0.47003,0.50237,0.40488,0.73744,0,0.65433,0.42239,0.67417
2003,October,0.68304,0.0,0.59332,0.45791,0.54305,0.54793,0.54848,0.39717,0.46401,0.62106,0.5437,0,0,0.46392,0.63761,0.31027,0.50406,0.58325,0,0,0.47017,0.50923,0.38542,0.65253,0,0.63077,0.45089,0.63504
2003,November,0.60692,0.09615,0.6056,0.67488,0.59948,0.56738,0.55018,0.39949,0.45988,0.68956,0.61665,0,0,0.50881,0.70042,0.54327,0.49856,0.62212,0,0,0.49591,0.50699,0.46742,0.70914,0,0.64842,0.46372,0.66466
2003,December,0.69689,0.00524,0.6103,0.60602,0.52019,0.5571,0.49883,0.34284,0.47677,0.65738,0.68063,0,0,0.53967,0.49336,0.42757,0.50052,0.57551,0,0,0.54808,0.5445,0.40954,0.53752,0,0.57692,0.56735,0.48691
2004,January,0.72225,0.0,0.58591,0.5642,0.60629,0.56768,0.52374,0.35066,0.48582,0.58813,0.5835,0,0,0.46407,0.47754,0.39093,0.74251,0.52745,0,0,0.57901,0.58283,0.39521,0.6527,0,0.55663,0.57485,0.45709
2004,February,0.63323,0.0,0.60701,0.49566,0.68263,0.54135,0.51702,0.38556,0.48112,0.57735,0.66022,0,0,0.51704,0.51582,0.30466,0.7135,0.56077,0,0,0.56098,0.47652,0.39148,0.86925,0,0.5295,0.51326,0.3674
2004,March,0.68227,0.0,0.598,0.45517,0.57979,0.53177,0.54537,0.37949,0.50005,0.59015,0.58549,0,0,0.47422,0.60934,0.37411,0.47104,0.74291,0,0,0.59455,0.60058,0.4111,0.79521,0,0.62041,0.48192,0.53546
2004,April,0.68374,0.0,0.54262,0.4446,0.50767,0.54317,0.5797,0.39519,0.48008,0.58931,0.62441,0,0,0.4463,0.66354,0.34155,0.65904,0.61364,0,0,0.55719,0.49967,0.50078,0.64424,0,0.64252,0.49906,0.69108
2004,May,0.70861,0.0,0.56821,0.68578,0.49929,0.58096,0.53602,0.40249,0.47357,0.62241,0.79522,0,0,0.44343,0.61583,0.69266,0.54496,0.52007,0,0,0.54483,0.60409,0.44233,0.64495,0,0.55872,0.43912,0.69496
2004,June,0.7017,0.0,0.68493,0.61304,0.42233,0.58299,0.48578,0.46347,0.44318,0.63422,0.65877,0,0,0.4298,0.6426,0.53156,0.45955,0.58738,0,0,0.50604,0.68585,0.6068,0.59385,0,0.53614,0.54639,0.66214
2004,July,0.72787,0.0,0.67525,0.57455,0.45264,0.55009,0.45094,0.51522,0.42339,0.64454,0.6357,0,0,0.48844,0.51776,0.65027,0.56345,0.59891,0,0,0.45282,0.67042,0.56011,0.63388,0,0.56011,0.48907,0.59016
2004,August,0.65821,0.0,0.72056,0.68026,0.30314,0.52735,0.46488,0.45388,0.45292,0.62698,0.61529,0,0,0.49624,0.58967,0.59511,0.56726,0.59725,0,0,0.50489,0.65825,0.52083,0.53587,0,0.61077,0.36329,0.43116
2004,September,0.68825,0.0,0.64649,0.68342,0.36755,0.50761,0.52726,0.43053,0.46729,0.63987,0.63668,0,0,0.52307,0.64456,0.51759,0.43073,0.63337,0,0,0.49418,0.68565,0.51759,0.69849,0,0.63628,0.45872,0.50251
2004,October,0.67634,0.0,0.6342,0.61439,0.70807,0.50089,0.51241,0.46785,0.45735,0.51986,0.62881,0,0,0.44733,0.55263,0.53145,0.6033,0.63151,0,0,0.49619,0.61544,0.50118,0.75943,0,0.59338,0.45788,0.0118
2004,November,0.71897,0.0,0.63917,0.66635,0.69213,0.50679,0.58644,0.39497,0.48572,0.68127,0.64396,0,0,0.41568,0.61261,0.66366,0.60773,0.64875,0,0,0.50228,0.54092,0.55928,0.54124,0,0.57526,0.51031,0.0567
2004,December,0.63628,0.0,0.61833,0.71858,0.68124,0.51707,0.4598,0.45705,0.4556,0.74556,0.63607,0,0,0.39563,0.54603,0.81421,0.57134,0.52295,0.53005,0,0.51727,0.46175,0.57787,0.60328,0,0.52613,0.44731,0.0765
2005,January,0.69188,0.0,0.68644,0.64606,0.60265,0.51258,0.59382,0.40287,0.47786,0.74627,0.71625,0,0,0.4351,0.63797,0.55156,0.56575,0.53642,0.50331,0,0.53834,0.54588,0.50579,0.63765,0,0.6149,0.37809,0.0
2005,February,0.61523,0.0,0.62999,0.61566,0.55924,0.53051,0.60875,0.43004,0.47625,0.7773,0.7344,0,0,0.41118,0.63484,0.71935,0.50731,0.53808,0.72989,0,0.53394,0.49179,0.49507,0.64049,0,0.51749,0.48994,0.0
2005,March,0.58483,0.0,0.53505,0.62921,0.5406,0.5158,0.57006,0.44611,0.48095,0.74601,0.60007,0,0,0.38371,0.51244,0.6133,0.4857,0.5998,0.82022,0,0.50394,0.51194,0.48475,0.66222,0,0.53688,0.51998,0.0618
2005,April,0.62021,0.0,0.57442,0.51348,0.51727,0.52784,0.57977,0.46695,0.47545,0.67931,0.4923,0,0,0.42513,0.50754,0.65087,0.47549,0.56084,0.80882,0,0.48211,0.46119,0.5112,0.67729,0,0.50417,0.50624,0.35784
2005,May,0.69636,0.0,0.74929,0.73846,0.38623,0.54446,0.62274,0.46971,0.45004,0.68946,0.78804,0,0,0.49459,0.54176,0.52513,0.49557,0.47761,0.69231,0,0.43691,0.66724,0.58755,0.61299,0,0.56622,0.44336,0.0
2005,June,0.66919,0.0,0.70569,0.75758,0.32475,0.54238,0.62674,0.43052,0.44926,0.69904,0.77916,0,0,0.48898,0.66212,0.55051,0.44628,0.52525,0.57071,0,0.535,0.78563,0.55556,0.6324,0,0.63192,0.46577,0.0
2005,July,0.751,0.0,0.73355,0.70802,0.38993,0.54487,0.53685,0.43012,0.41817,0.74113,0.8057,0,0,0.50802,0.6484,0.79857,0.60962,0.55538,0.09091,0,0.49217,0.78404,0.52808,0.68326,0,0.58625,0.31194,0.0
2005,August,0.72161,0.0,0.69444,0.57441,0.4401,0.55055,0.47396,0.42708,0.42688,0.65784,0.74905,0,0,0.42535,0.63854,0.84114,0.61742,0.59722,0.0,0,0.47675,0.75601,0.51563,0.60156,0,0.55997,0.49653,0.0
2005,September,0.74923,0.0,0.62533,0.59208,0.5,0.49491,0.57407,0.49705,0.44061,0.55806,0.63095,0,0,0.32176,0.65212,0.79051,0.50617,0.61846,0.0,0,0.44627,0.65031,0.55864,0.57514,0,0.62153,0.43102,0.0
2005,October,0.6518,0.0,0.64316,0.60568,0.5402,0.49064,0.57193,0.41249,0.49138,0.61395,0.62605,0,0,0.32046,0.59767,0.75969,0.44651,0.68152,0.0,0,0.45072,0.64401,0.52884,0.57505,0,0.56237,0.40605,0.86512
2005,November,0.58798,0.0,0.64366,0.7395,0.60034,0.50861,0.53902,0.42395,0.49196,0.66882,0.75598,0,0,0.45401,0.56818,0.71771,0.55058,0.63186,0.0,0,0.5014,0.66188,0.58808,0.54306,0,0.54569,0.45281,0.88038
2005,December,0.55003,0.0,0.68409,0.73582,0.50741,0.5265,0.45464,0.42268,0.47855,0.65745,0.60097,0,0,0.46907,0.65611,0.66716,0.53251,0.50912,0.0,0,0.53176,0.55951,0.57123,0.46521,0,0.52046,0.45554,0.63917
2006,January,0.72363,0.0,0.7042,0.5872,0.47766,0.51746,0.59394,0.38647,0.47586,0.67498,0.68306,0,0,0.56904,0.56645,0.55274,0.53718,0.51899,0.0,0,0.52191,0.48192,0.47627,0.71013,0,0.63636,0.50759,0.62342
2006,February,0.69112,0.0,0.70575,0.54348,0.5374,0.55919,0.5757,0.39674,0.49042,0.67231,0.68012,0,0,0.59194,0.61232,0.39457,0.54688,0.58027,0.0,0,0.54738,0.36775,0.4606,0.67391,0,0.58251,0.53623,0.60598
2006,March,0.75382,0.0,0.67273,0.6851,0.52195,0.56593,0.58741,0.38956,0.47182,0.76829,0.69125,0,0,0.60488,0.63637,0.53414,0.56065,0.56098,0.0,0,0.52206,0.68084,0.51512,0.64011,0,0.59384,0.52683,0.5439
2006,April,0.67949,0.0,0.6278,0.61923,0.5601,0.57482,0.61423,0.38389,0.47356,0.71483,0.69904,0,0,0.6,0.57612,0.69111,0.54832,0.59886,0.0,0,0.53824,0.48173,0.51154,0.63542,0,0.57382,0.48798,0.38462
2006,May,0.72588,0.0,0.65897,0.61632,0.43277,0.53472,0.55327,0.38465,0.46992,0.63664,0.59549,0,0,0.6441,0.66204,0.48264,0.51432,0.62165,0.78125,0,0.53742,0.56424,0.56308,0.56988,0,0.60038,0.48669,0.69792
2006,June,0.68892,0.0,0.61758,0.67714,0.5804,0.53333,0.50785,0.42139,0.46014,0.70995,0.66353,0,0,0.53229,0.69285,0.63613,0.47765,0.5829,0.91623,0,0.55932,0.65096,0.52589,0.59305,0,0.60416,0.50065,0.70157
2006,July,0.64179,0.0,0.66023,0.75052,0.42727,0.61457,0.49159,0.39962,0.45774,0.77841,0.74041,0,0,0.39432,0.53409,0.85795,0.39379,0.62026,0.89205,0,0.54021,0.60985,0.45971,0.6351,0,0.51638,0.3679,0.7642
2006,August,0.65335,0.0,0.63175,0.64439,0.50588,0.57507,0.5662,0.39409,0.46733,0.76738,0.70154,0,0,0.41355,0.51045,0.80214,0.40642,0.5783,0.81283,0,0.50814,0.5984,0.45776,0.66726,0,0.54869,0.31729,0.6631
2006,September,0.7196,0.0,0.62742,0.57946,0.64724,0.56121,0.60376,0.37345,0.47644,0.65466,0.66136,0,0,0.55591,0.53869,0.7588,0.43928,0.58358,0.73869,0,0.53894,0.52136,0.43328,0.68496,0,0.58188,0.46935,0.5
2006,October,0.70687,0.0,0.59123,0.56287,0.7984,0.4907,0.58931,0.42033,0.50878,0.60713,0.66241,0,0,0.67942,0.48815,0.53713,0.38815,0.70379,0.63033,0,0.48322,0.41114,0.4872,0.74822,0,0.63443,0.51106,0.55924
2006,November,0.71128,0,0.68622,0.55342,0.6855,0.53742,0.60738,0.3846,0.50994,0.60496,0.6585,0,0,0.69473,0.46902,0.68368,0.58737,0.62523,0.21939,0,0.51258,0.48023,0.53316,0.63776,0,0.65781,0.48367,0.71939
2006,December,0.67261,0,0.7039,0.47708,0.55712,0.57171,0.465,0.3066,0.50598,0.64483,0.68522,0,0,0.64528,0.60657,0.72549,0.55829,0.5488,0.0,0,0.50279,0.59893,0.53155,0.7099,0,0.60574,0.44831,0.52673
2007,January,0.68909,0,0.70828,0.57151,0.66068,0.5188,0.57006,0.28662,0.53001,0.59236,0.61624,0,0,0.62675,0.52468,0.6327,0.46879,0.48726,0,0,0.52677,0.64586,0.55308,0.80043,0,0.57407,0.56971,0.43153
2007,February,0.64811,0,0.67648,0.54459,0.62748,0.48956,0.63884,0.29853,0.5264,0.52799,0.60478,0,0,0.67548,0.57374,0.62576,0.55065,0.49752,0,0,0.56659,0.61576,0.59091,0.73636,0,0.66667,0.61091,0.44394
2007,March,0.64454,0,0.65939,0.6387,0.65564,0.53913,0.49575,0.30899,0.51004,0.6068,0.62011,0,0,0.62275,0.60317,0.8201,0.51756,0.64358,0,0,0.53284,0.72487,0.58289,0.61045,0,0.59096,0.48113,0.35318
2007,April,0.78995,0,0.66876,0.67663,0.63152,0.52924,0.56151,0.37616,0.4885,0.63107,0.60412,0,0,0.58859,0.69402,0.65218,0.3918,0.62874,0,0,0.48494,0.84472,0.68025,0.59239,0,0.66807,0.53377,0.2337
2007,May,0.74042,0,0.61719,0.66435,0.51354,0.55066,0.52197,0.37944,0.47246,0.63672,0.60888,0,0,0.49016,0.69744,0.52864,0.37292,0.66797,0,0,0.50012,0.72727,0.7,0.7625,0,0.6023,0.4839,0.09028
2007,June,0.66808,0,0.63509,0.70469,0.57166,0.57544,0.49243,0.36788,0.45786,0.6984,0.65419,0,0,0.63957,0.64385,0.28342,0.39929,0.63191,0,0,0.50826,0.6492,0.62781,0.75508,0,0.61869,0.48182,0.1016
2007,July,0.6656,0,0.63869,0.701,0.61348,0.574,0.52681,0.43748,0.44183,0.6244,0.64572,0,0,0.63371,0.61236,0.48689,0.56531,0.5824,0,0,0.53301,0.59162,0.64419,0.59738,0,0.62921,0.54557,0.15169
2007,August,0.68304,0,0.72783,0.78465,0.59735,0.58887,0.5003,0.39882,0.44098,0.72526,0.5702,0,0,0.57601,0.50083,0.59204,0.52861,0.51282,0,0,0.51159,0.58564,0.5398,0.76741,0,0.52277,0.58955,0.41294
2007,September,0.76963,0,0.66088,0.61959,0.61975,0.55685,0.63273,0.38781,0.43466,0.65292,0.61888,0,0,0.57887,0.7025,0.6323,0.46075,0.52938,0,0,0.48922,0.58866,0.58634,0.66495,0,0.6134,0.4942,0.58763
2007,October,0.69666,0,0.64959,0.68927,0.52506,0.51494,0.64662,0.39969,0.47886,0.6625,0.55476,0,0,0.64237,0.7479,0.55391,0.50842,0.61557,0,0,0.52062,0.51321,0.59119,0.63627,0,0.62592,0.52653,0.87972
2007,November,0.62279,0,0.6228,0.81125,0.54194,0.52832,0.65792,0.3804,0.49396,0.63184,0.65692,0,0,0.56752,0.71811,0.67747,0.48125,0.6358,0,0,0.52767,0.72396,0.66975,0.57253,0,0.64435,0.53843,0.55093
2007,December,0.70926,0,0.70794,0.71709,0.63175,0.52083,0.5746,0.38288,0.51801,0.71032,0.66642,0,0,0.4463,0.70556,0.60432,0.53158,0.62941,0,0,0.4839,0.74683,0.59514,0.54222,0,0.64407,0.53951,0.33056
2008,January,0.68037,0,0.75619,0.7182,0.54511,0.54187,0.49158,0.35095,0.50017,0.63081,0.71122,0,0,0.45753,0.65716,0.62171,0.48114,0.59035,0.40132,0,0.50263,0.74561,0.53207,0.65132,0,0.59317,0.54145,0.21053
2008,February,0.65738,0,0.61357,0.56905,0.54727,0.61117,0.5268,0.33512,0.52216,0.54971,0.60766,0,0,0.45405,0.60429,0.56608,0.48603,0.50987,0.51462,0,0.57576,0.62047,0.5117,0.65302,0,0.61788,0.47222,0.07603
2008,March,0.72861,0,0.70056,0.7067,0.47754,0.59774,0.5414,0.3516,0.52145,0.62371,0.60051,0,0,0.4707,0.54914,0.55361,0.48861,0.62715,0.53608,0,0.57977,0.65417,0.56959,0.69845,0,0.58889,0.47865,0.20619
2008,April,0.70525,0,0.74709,0.59616,0.486,0.59961,0.59322,0.38462,0.50108,0.6047,0.65026,0,0,0.50015,0.42427,0.26154,0.48917,0.64063,0.44103,0,0.5524,0.66359,0.52756,0.63419,0,0.57256,0.45799,0.04615
2008,May,0.73675,0,0.74593,0.53125,0.44392,0.58263,0.50629,0.43717,0.4988,0.63443,0.5815,0,0,0.51038,0.36918,0.28962,0.41914,0.66431,0.41038,0,0.53653,0.63502,0.66096,0.54442,0,0.51443,0.47608,0.0
2008,June,0.70888,0,0.73938,0.60769,0.50769,0.56617,0.46713,0.42297,0.47566,0.63814,0.61933,0,0,0.41941,0.44957,0.21367,0.37308,0.49658,0.01026,0,0.43445,0.8641,0.63205,0.5144,0,0.52061,0.44988,0.0
2008,July,0.69364,0,0.77072,0.73905,0.54358,0.59976,0.46439,0.48477,0.44516,0.74614,0.71134,0,0,0.48325,0.58321,0.39433,0.44072,0.46031,0.0,0,0.48921,0.84493,0.64497,0.47751,0,0.46263,0.47552,0.29639
2008,August,0.74734,0,0.71543,0.7695,0.54642,0.58772,0.61014,0.42689,0.44935,0.69399,0.70503,0,0,0.37394,0.54043,0.46099,0.40989,0.49894,0.0,0,0.52444,0.84233,0.62842,0.51182,0,0.55532,0.52069,0.375
2008,September,0.6976,0,0.6359,0.67487,0.43809,0.58548,0.68487,0.3812,0.4898,0.64253,0.58315,0,0,0.43419,0.43533,0.58804,0.35505,0.72564,0.0,0,0.53333,0.74872,0.48718,0.4967,0,0.62609,0.61795,0.52992
2008,October,0.66786,0,0.60269,0.64091,0.51292,0.54511,0.59703,0.37867,0.52052,0.63677,0.69178,0,0,0.57549,0.46445,0.52082,0.39786,0.61055,0.0,0,0.56347,0.57687,0.57271,0.44215,0.56951,0.60789,0.64182,0.74439
2008,November,0.61838,0,0.64615,0.64718,0.49776,0.54489,0.60733,0.37838,0.50201,0.7098,0.67572,0,0,0.57949,0.49263,0.59897,0.44286,0.62666,0.0,0,0.54966,0.49333,0.54423,0.48604,0.0,0.5909,0.62963,0.69231
2008,December,0.60979,0,0.69858,0.58841,0.49586,0.57196,0.54011,0.33923,0.50113,0.70186,0.66058,0,0,0.49586,0.34444,0.51138,0.52174,0.52795,0.0,0,0.58024,0.52717,0.49845,0.40248,0.0,0.56458,0.53168,0.75776
2009,January,0.61877,0,0.63319,0.59937,0.48851,0.54023,0.46931,0.31194,0.49948,0.69397,0.66896,0,0,0.52897,0.56552,0.49425,0.43104,0.66019,0.0,0,0.54365,0.63966,0.54138,0.35862,0.0,0.57507,0.56015,0.63793
2009,February,0.66524,0,0.62653,0.67589,0.50794,0.49398,0.51396,0.37908,0.47723,0.72747,0.67976,0,0,0.56327,0.49603,0.32857,0.34554,0.72714,0.0,0,0.53531,0.64898,0.49694,0.46857,0.0,0.58665,0.57653,0.64286
2009,March,0.76446,0,0.59622,0.73192,0.40864,0.49956,0.57012,0.38025,0.49276,0.76492,0.60538,0,0,0.54733,0.61248,0.25308,0.44033,0.63818,0.0,0,0.58777,0.7073,0.57407,0.61574,0.0,0.67582,0.53781,0.50617
2009,April,0.75991,0,0.59482,0.73684,0.47427,0.55096,0.56365,0.42024,0.48959,0.69786,0.56871,0,0,0.46004,0.50293,0.43275,0.50022,0.51249,0.0,0,0.53467,0.58704,0.59454,0.72431,0.0,0.66742,0.38538,0.22807
2009,May,0.78069,0,0.73818,0.64696,0.46697,0.56376,0.6027,0.39701,0.48987,0.70218,0.62612,0,0,0.25135,0.38589,0.47973,0.56869,0.57686,0.25,0,0.53357,0.66216,0.54392,0.6583,0.0,0.59765,0.27703,0.27027
2009,June,0.74948,0,0.72105,0.65767,0.51373,0.58486,0.5235,0.46483,0.46822,0.65092,0.58304,0,0,0.40682,0.30438,0.51136,0.5303,0.53815,0.61364,0,0.46974,0.66721,0.64867,0.58168,0.0,0.52379,0.36023,0.23864
2009,July,0.67641,0,0.69587,0.64637,0.5737,0.58896,0.45034,0.44818,0.43833,0.63922,0.65177,0,0,0.4142,0.52824,0.21229,0.4581,0.51086,0.56424,0,0.51246,0.70242,0.70726,0.38478,0,0.5121,0.47858,0.15642
2009,August,0.63996,0,0.67425,0.61492,0.55285,0.53207,0.41826,0.45931,0.44657,0.71858,0.72825,0,0,0.54451,0.5663,0.46685,0.45166,0.51713,0.49448,0,0.56892,0.68999,0.67182,0.37262,0,0.50256,0.52092,0.0663
2009,September,0.73081,0,0.77041,0.67069,0.61735,0.5431,0.50204,0.43716,0.43842,0.70748,0.7657,0,0,0.581,0.69481,0.52245,0.48214,0.62873,0.69643,0,0.556,0.73397,0.60204,0.46811,0,0.56217,0.50595,0.10714
2009,October,0.68032,0,0.728,0.73488,0.57674,0.52733,0.49023,0.45021,0.45316,0.71137,0.78295,0,0,0.46179,0.72415,0.59302,0.39884,0.55149,0.75116,0,0.52672,0.71907,0.56186,0.62403,0,0.61234,0.49023,0.12558
2009,November,0.64767,0,0.72355,0.70647,0.5597,0.50657,0.56053,0.41467,0.47022,0.67707,0.73858,0,0,0.43844,0.67394,0.54158,0.47535,0.6246,0.54229,0,0.50249,0.70935,0.50166,0.52381,0,0.68088,0.629,0.05473
2009,December,0.62484,0,0.7037,0.72569,0.46855,0.55556,0.51153,0.377,0.49026,0.65483,0.67196,0,0,0.46462,0.62534,0.62174,0.45786,0.57004,0.5283,0,0.54214,0.61345,0.63396,0.51677,0,0.61265,0.74591,0.0
2010,January,0.70926,0,0.67393,0.64253,0.48859,0.55674,0.43534,0.3365,0.4958,0.69212,0.69696,0,0,0.43295,0.69379,0.56207,0.53017,0.59617,0,0,0.62944,0.7734,0.55862,0.48104,0,0.56951,0.57586,0.44828
2010,February,0.67458,0,0.67373,0.66176,0.54011,0.52477,0.49837,0.32122,0.50797,0.7249,0.77042,0,0,0.50653,0.78562,0.58388,0.50327,0.68687,0,0,0.61461,0.80719,0.55447,0.58279,0,0.61161,0.46569,0.15033
2010,March,0.70491,0,0.67608,0.63699,0.53757,0.47592,0.48932,0.34088,0.49139,0.75767,0.75915,0,0,0.46178,0.6659,0.4104,0.62572,0.66166,0.25434,0,0.60944,0.86416,0.55491,0.62659,0,0.63873,0.52152,0.39884
2010,April,0.63089,0,0.57718,0.53189,0.56973,0.52918,0.57162,0.39447,0.46518,0.70695,0.61441,0,0,0.5196,0.53108,0.25,0.49976,0.65235,0.37477,0,0.55801,0.9009,0.55405,0.4749,0,0.5688,0.41486,0.42703
2010,May,0.69626,0,0.67109,0.5322,0.49794,0.5981,0.60511,0.35376,0.48108,0.68925,0.65909,0,0,0.53636,0.58604,0.30682,0.57062,0.56023,0.10606,0,0.60227,0.80909,0.51136,0.5827,0,0.51591,0.3263,0.53693
2010,June,0.72888,0,0.737,0.625,0.42783,0.56825,0.59925,0.34949,0.4976,0.73154,0.73139,0,0,0.48174,0.4819,0.46629,0.40137,0.62032,0.35618,0,0.58686,0.76854,0.49888,0.44494,0,0.61774,0.38202,0.58802
2010,July,0.68738,0,0.68416,0.65788,0.48776,0.58449,0.52381,0.35751,0.49824,0.69658,0.66298,0,0,0.50904,0.35953,0.5612,0.52731,0.57319,0.39774,0,0.66437,0.74576,0.64972,0.45386,0,0.62571,0.44181,0.37853
2010,August,0.67851,0,0.66292,0.55899,0.50487,0.59842,0.53284,0.32454,0.48214,0.82844,0.70557,0,0,0.45506,0.47503,0.39606,0.61397,0.57252,0.29026,0,0.61783,0.60534,0.60252,0.49625,0,0.62619,0.5639,0.29776
2010,September,0.75763,0,0.71357,0.64768,0.52289,0.55423,0.55109,0.35638,0.46919,0.73004,0.67268,0,0,0.41115,0.57337,0.48241,0.56672,0.62848,0.63819,0,0.59788,0.79481,0.52638,0.43342,0,0.66158,0.53668,0.1206
2010,October,0.65289,0,0.65587,0.63231,0.50512,0.5463,0.58454,0.36678,0.48702,0.73876,0.61698,0,0,0.36876,0.66354,0.43478,0.4664,0.68167,0.39855,0,0.56799,0.60118,0.42222,0.41707,0,0.61571,0.39789,0.0
2010,November,0.6909,0,0.6969,0.63115,0.55738,0.52615,0.51465,0.39128,0.50597,0.72834,0.6102,0,0,0.39461,0.48673,0.57923,0.44918,0.61395,0.23497,0,0.60818,0.62174,0.48743,0.3479,0,0.59312,0.3918,0.23224
2010,December,0.66379,0,0.70097,0.59577,0.55844,0.58294,0.57692,0.36199,0.49798,0.75419,0.63794,0,0,0.46369,0.4013,0.56185,0.48284,0.4465,0.26257,0,0.584,0.53879,0.51173,0.62756,0,0.55365,0.35754,0.49721
2011,January,0.62906,0,0.71467,0.58766,0.5165,0.59567,0.48945,0.32238,0.51911,0.71892,0.61115,0,0,0.52381,0.52111,0.54546,0.53766,0.5026,0.00649,0,0.52502,0.47484,0.41948,0.43831,0,0.49675,0.33117,0.57576
2011,February,0.60573,0,0.79106,0.59651,0.49181,0.55409,0.43155,0.38089,0.48021,0.70891,0.57231,0,0,0.58587,0.37674,0.51454,0.4375,0.55959,0.0,0,0.51728,0.57413,0.5155,0.59302,0,0.54576,0.32413,0.53489
2011,March,0.61798,0,0.71966,0.58848,0.4893,0.53639,0.45838,0.39751,0.4521,0.65886,0.68502,0,0,0.5076,0.52747,0.40637,0.4573,0.5618,0.47191,0,0.5882,0.74326,0.52528,0.63343,0,0.55829,0.36966,0.92416
2011,April,0.56386,0,0.66234,0.62915,0.40236,0.55997,0.55874,0.40687,0.4456,0.69192,0.59888,0,0,0.48139,0.47576,0.51137,0.31397,0.58802,0.57071,0,0.56257,0.72348,0.54401,0.66667,0,0.58002,0.40846,0.77778
2011,May,0.69474,0,0.78095,0.63725,0.39373,0.61386,0.52,0.41031,0.43781,0.62047,0.60816,0,0,0.42737,0.60957,0.61184,0.27982,0.80144,0.45526,0,0.56856,0.67799,0.5188,0.62632,0,0.62906,0.40526,0.77894
2011,June,0.69876,0,0.7811,0.67674,0.36264,0.61738,0.47195,0.42028,0.44341,0.65137,0.6852,0,0,0.442,0.54239,0.41978,0.30769,0.8125,0.38462,0,0.51429,0.73352,0.53611,0.60769,0,0.5662,0.37912,0.77198
2011,July,0.60951,0,0.79422,0.66859,0.33148,0.63089,0.49505,0.41784,0.44816,0.63737,0.7472,0,0,0.39987,0.37397,0.58246,0.42782,0.68586,0.31309,0,0.55681,0.73717,0.52443,0.62304,0,0.4666,0.36322,0.76091
2011,August,0.68401,0,0.7464,0.65673,0.32354,0.57501,0.45776,0.42059,0.44501,0.69777,0.74459,0,0,0.3253,0.521,0.51777,0.4198,0.52284,0.26599,0,0.51639,0.72792,0.58291,0.64805,0,0.52332,0.36887,0.70812
2011,September,0.63983,0,0.67479,0.61885,0.41835,0.59981,0.51828,0.39281,0.47723,0.72152,0.66392,0,0,0.33681,0.5807,0.52152,0.39403,0.60699,0.2711,0,0.53144,0.66535,0.47077,0.75738,0,0.59927,0.40967,0.8481
2011,October,0.66048,0,0.6884,0.86168,0.38785,0.55293,0.49154,0.34944,0.50686,0.69447,0.65537,0,0,0.45483,0.65036,0.35047,0.43964,0.75737,0.22274,0,0.47377,0.66455,0.4243,0.67601,0,0.66498,0.45691,0.7056
2011,November,0.57613,0,0.7029,0.74611,0.43227,0.61312,0.48478,0.35239,0.51029,0.71407,0.74534,0,0,0.35834,0.55707,0.72705,0.46699,0.67564,0.17633,0,0.584,0.65321,0.55362,0.62388,0,0.6053,0.39251,0.47584
2011,December,0.58108,0,0.68442,0.68644,0.37701,0.60544,0.46328,0.35003,0.49493,0.66845,0.67947,0,0,0.37665,0.6226,0.68523,0.44704,0.68475,0.15819,0,0.51998,0.48536,0.55141,0.47458,0,0.67123,0.45621,0.47458
2012,January,0.68564,0,0.67561,0.58129,0.42164,0.55215,0.55023,0.33742,0.52556,0.65481,0.63568,0,0,0.41002,0.62927,0.69428,0.43313,0.70943,0.35583,0,0.56411,0.52498,0.4638,0.73313,0,0.68814,0.44674,0.3865
2012,February,0.61144,0,0.66738,0.68591,0.37905,0.57101,0.48603,0.32142,0.53048,0.71109,0.72849,0,0,0.37039,0.59963,0.55148,0.51118,0.69403,0.31564,0,0.62859,0.51447,0.4879,0.56984,0,0.61063,0.48857,0.06145
2012,March,0.62533,0,0.66887,0.54844,0.37015,0.55584,0.4993,0.33681,0.52037,0.6918,0.63263,0,0,0.33998,0.38967,0.53253,0.47476,0.57746,0.35211,0,0.52378,0.49838,0.48357,0.68545,0,0.57722,0.48718,0.71831
2012,April,0.61951,0,0.65268,0.58841,0.32774,0.55334,0.46399,0.37073,0.4723,0.67209,0.59111,0,0,0.39715,0.48293,0.52822,0.32732,0.53526,0.13659,0,0.54715,0.65962,0.51986,0.60813,0,0.62002,0.54259,0.5683
2012,May,0.63581,0,0.65213,0.48279,0.35847,0.57984,0.46977,0.39526,0.47543,0.60766,0.58512,0,0,0.33302,0.61292,0.51256,0.36124,0.43685,0.18605,0,0.56543,0.80592,0.59801,0.5779,0,0.54186,0.47028,0.63256
2012,June,0.62885,0,0.65841,0.59664,0.37388,0.6101,0.5242,0.39083,0.46963,0.6809,0.66867,0,0,0.38542,0.66471,0.55729,0.46042,0.5401,0.0,0,0.5516,0.72516,0.54092,0.57118,0,0.52357,0.44358,0.50521
2012,July,0.67898,0,0.76186,0.84564,0.4164,0.58056,0.51316,0.40007,0.47131,0.69366,0.67002,0,0,0.41477,0.63637,0.67898,0.54855,0.43371,0.0,0,0.52497,0.76534,0.59565,0.40454,0,0.57351,0.57576,0.70455
2012,August,0.70587,0,0.71916,0.80837,0.38376,0.56301,0.56546,0.39654,0.4677,0.66479,0.68518,0,0,0.39807,0.59239,0.57198,0.55314,0.54734,0.23188,0,0.51999,0.67012,0.60732,0.45217,0,0.58771,0.33977,0.41062
2012,September,0.68435,0,0.70644,0.73468,0.36229,0.55585,0.5185,0.38001,0.4846,0.64321,0.58878,0,0,0.45736,0.66303,0.64018,0.52804,0.57996,0.40888,0,0.56994,0.73022,0.55296,0.32762,0,0.62941,0.42874,0.53738
2012,October,0.67352,0,0.66698,0.65412,0.53395,0.55867,0.52305,0.3907,0.48865,0.66605,0.51657,0,0,0.44512,0.71247,0.00465,0.5157,0.62492,0.37861,0,0.49288,0.67176,0.46124,0.64942,0,0.56792,0.47093,0.39535
2012,November,0.7391,0,0.78744,0.65437,0.60586,0.51518,0.52443,0.39306,0.49661,0.7172,0.73704,0,0,0.48615,0.57106,0.27671,0.60616,0.60365,0.33516,0,0.4955,0.53916,0.50457,0.58708,0,0.57474,0.6073,0.0
2012,December,0.72323,0,0.76022,0.67728,0.5047,0.55453,0.52956,0.32563,0.49432,0.72701,0.75499,0,0,0.55402,0.53704,0.78736,0.55891,0.49948,0.20881,0,0.52596,0.7092,0.43391,0.70833,0,0.57194,0.66667,0.53448
2013,January,0.68323,0,0.67328,0.55873,0.51465,0.57485,0.49417,0.35525,0.49664,0.64222,0.64725,0,0,0.49137,0.58862,0.57785,0.47904,0.37458,0.1991,0,0.55838,0.4491,0.44311,0.66866,0,0.58263,0.67465,0.46108
2013,February,0.63231,0,0.75698,0.6449,0.49607,0.54691,0.57924,0.33314,0.51358,0.63567,0.67591,0,0,0.47268,0.67261,0.87261,0.4578,0.47133,0.10616,0,0.51812,0.72102,0.51338,0.65393,0,0.64002,0.71884,0.55096
2013,March,0.58073,0,0.78782,0.65445,0.43429,0.50087,0.50165,0.40496,0.47634,0.64092,0.62727,0,0,0.55838,0.60384,0.4267,0.29319,0.37696,0.41361,0,0.51996,0.68914,0.54241,0.27574,0,0.6374,0.63962,0.8534
2013,April,0.57101,0,0.74563,0.55,0.47212,0.50951,0.47035,0.40818,0.50407,0.68229,0.56923,0,0,0.4172,0.58205,0.20833,0.43444,0.47489,0.45673,0,0.55625,0.6266,0.5,0.53077,0,0.59867,0.46515,0.77885
2013,May,0.70077,0,0.661,0.53981,0.43817,0.466,0.49851,0.414,0.51062,0.56909,0.53807,0,0,0.39844,0.50681,0.31469,0.38783,0.42219,0.31754,0,0.59434,0.70007,0.52528,0.7583,0,0.63955,0.4295,0.35387
2013,June,0.6912,0,0.67049,0.6976,0.53367,0.56807,0.54667,0.42039,0.47823,0.69394,0.58702,0,0,0.45766,0.49068,0.70454,0.4537,0.48715,0.40101,0,0.54276,0.75757,0.66162,0.53536,0,0.55824,0.49423,0.42424
2013,July,0.672,0,0.73614,0.80478,0.53371,0.56708,0.55683,0.38135,0.47589,0.67978,0.59205,0,0,0.40309,0.45412,0.4588,0.4474,0.51935,0.38109,0,0.56484,0.76204,0.57641,0.61011,0,0.51479,0.38684,0.96067
2013,August,0.77417,0,0.72832,0.62213,0.48466,0.59839,0.57023,0.37732,0.45531,0.62593,0.68813,0,0,0.37446,0.58018,0.21212,0.40129,0.56768,0.4638,0,0.5047,0.73011,0.48822,0.46609,0,0.52748,0.36639,0.73232
2013,September,0.68546,0,0.70103,0.59397,0.50103,0.57794,0.52804,0.37198,0.48495,0.57424,0.6109,0,0,0.36149,0.50367,0.56383,0.45401,0.50489,0.35934,0,0.56226,0.72846,0.39331,0.58511,0,0.56043,0.47281,0.75106
2013,October,0.58887,0,0.7429,0.75574,0.56589,0.52971,0.56567,0.40165,0.48944,0.79464,0.70292,0,0,0.47619,0.55923,0.46428,0.55735,0.50733,0.3644,0,0.47474,0.64494,0.46056,0.58594,0,0.57645,0.41574,0.4442
2013,November,0.67822,0,0.78639,0.72412,0.53048,0.60353,0.5646,0.39319,0.50762,0.70014,0.68989,0,0,0.38845,0.44696,0.59604,0.45365,0.4955,0.33734,0,0.51868,0.65649,0.48102,0.56082,0,0.56018,0.40453,0.0
2013,December,0.66069,0,0.65487,0.58648,0.52415,0.62373,0.52904,0.35615,0.56041,0.65451,0.7403,0,0,0.46243,0.3133,0.54104,0.50762,0.45139,0.19268,0,0.49988,0.53793,0.41691,0.46243,0,0.58767,0.49133,0.0
2014,January,0.67042,0,0.71343,0.60175,0.54448,0.62745,0.56412,0.34994,0.52979,0.62473,0.69711,0,0,0.50871,0.41768,0.5488,0.41521,0.51657,0.61878,0,0.47068,0.62261,0.42749,0.42983,0,0.498,0.58011,0.3895
2014,February,0.63323,0,0.66561,0.56695,0.49799,0.62191,0.53876,0.31921,0.53176,0.6779,0.70853,0,0,0.49522,0.50874,0.33333,0.36954,0.61798,0.28932,0,0.60964,0.55316,0.41784,0.4794,0,0.55306,0.60674,0.19382
2014,March,0.676,0,0.66716,0.63602,0.55549,0.60301,0.51707,0.35536,0.52812,0.74146,0.64976,0,0,0.4604,0.33951,0.51219,0.33512,0.50488,0.2122,0,0.56439,0.54978,0.46098,0.37398,0,0.53474,0.61366,0.23089
2014,April,0.63861,0,0.58416,0.73927,0.60685,0.58237,0.55104,0.39921,0.48588,0.66832,0.58447,0,0,0.44869,0.53465,0.85891,0.26856,0.53866,0.52475,0,0.48215,0.64109,0.56064,0.39802,0,0.53974,0.64913,0.35891
2014,May,0.73214,0,0.78801,0.65838,0.45882,0.56334,0.49827,0.40731,0.44065,0.60326,0.64052,0,0,0.39067,0.53243,0.62691,0.27284,0.50626,0.33502,0,0.52177,0.67259,0.59898,0.54213,0,0.59863,0.52961,0.48393
2014,June,0.67453,0,0.74054,0.705,0.47109,0.59844,0.48333,0.40009,0.46449,0.60475,0.73227,0,0,0.3475,0.3925,0.62,0.41385,0.52179,0.37875,0,0.65071,0.66095,0.58125,0.47,0,0.55125,0.57583,0.525
2014,July,0.68767,0,0.7526,0.52951,0.47242,0.62792,0.53328,0.394,0.46116,0.53547,0.60784,0,0,0.25921,0.43513,0.59583,0.36024,0.54644,0.3789,0,0.61506,0.67052,0.4974,0.5382,0,0.53405,0.30208,0.80208
2014,August,0.70671,0,0.6822,0.56113,0.47715,0.61213,0.61792,0.37599,0.47436,0.61029,0.60047,0,0,0.34401,0.46749,0.74877,0.49015,0.47438,0.44171,0,0.62876,0.7079,0.47845,0.68637,0,0.55474,0.33005,0.0
2014,September,0.71803,0,0.57444,0.52232,0.46779,0.53438,0.63524,0.34032,0.50263,0.51451,0.5396,0,0,0.38935,0.57224,0.41071,0.51339,0.6317,0.36607,0,0.59171,0.66303,0.38895,0.62054,0,0.67215,0.45663,0.26786
2014,October,0.66563,0,0.59256,0.48829,0.4996,0.53561,0.65442,0.38851,0.50275,0.6135,0.58495,0,0,0.36842,0.58003,0.66868,0.44514,0.61752,0.39625,0,0.54815,0.61847,0.49649,0.51486,0,0.63257,0.50268,0.14658
2014,November,0.6694,0,0.62215,0.56986,0.4666,0.55348,0.60417,0.37964,0.49424,0.59757,0.60457,0,0,0.32295,0.48912,0.92929,0.35621,0.62199,0.42121,0,0.55145,0.71861,0.50337,0.52525,0,0.56526,0.39105,0.78788
2014,December,0.64468,0,0.66159,0.66476,0.56,0.55394,0.54165,0.35111,0.49403,0.56224,0.66933,0,0,0.37265,0.52898,0.90714,0.43111,0.58234,0.4019,0,0.47238,0.63648,0.41714,0.63143,0,0.53044,0.52,0.82857
2015,January,0.65493,0,0.61163,0.59488,0.52945,0.55548,0.59521,0.32215,0.48264,0.56492,0.65414,0,0,0.42616,0.5573,0.76404,0.35042,0.619,0.48877,0.53371,0.41337,0.60233,0.64606,0.60955,0,0.63363,0.51383,0.33146
2015,February,0.62442,0,0.71146,0.61337,0.54579,0.53075,0.47936,0.30831,0.48155,0.65988,0.6166,0,0,0.41085,0.58236,0.51962,0.36144,0.54785,0.3469,0.62791,0.449,0.57752,0.6657,0.73488,0,0.59199,0.56221,0.19573
2015,March,0.67729,0,0.70165,0.67922,0.5228,0.53152,0.52458,0.37111,0.46048,0.71578,0.68397,0,0,0.42599,0.49923,0.52731,0.4791,0.5774,0.32203,0.0,0.43038,0.67726,0.70904,0.68136,0,0.60835,0.56936,0.29002
2015,April,0.59628,0,0.59239,0.64326,0.58101,0.50163,0.52863,0.39851,0.50006,0.72672,0.58939,0,0,0.52993,0.61453,0.51024,0.52006,0.59537,0.26629,0.0,0.51788,0.66713,0.71508,0.58659,0,0.59792,0.56339,0.16388
2015,May,0.63404,0,0.60583,0.62256,0.54777,0.53977,0.49098,0.41128,0.48033,0.76721,0.68789,0,0,0.42656,0.55053,0.2079,0.41296,0.63158,0.16842,0.0,0.47222,0.63404,0.68421,0.53509,0,0.54792,0.51579,0.39473
2015,June,0.6686,0,0.70163,0.61977,0.48636,0.56373,0.41076,0.34405,0.4862,0.7338,0.6907,0,0,0.40881,0.48385,0.19767,0.53101,0.58091,0.13954,0.0,0.54707,0.77267,0.71512,0.44768,0,0.5422,0.51221,0.40988
2015,July,0.69069,0,0.68457,0.71197,0.449,0.57664,0.41422,0.3773,0.47851,0.68243,0.65946,0,0,0.43378,0.56525,0.0,0.539,0.72252,0.5027,0.0,0.4316,0.82857,0.38108,0.53784,0,0.53737,0.44247,0.33784
2015,August,0.73543,0,0.74425,0.59898,0.49051,0.60355,0.40517,0.32728,0.49891,0.66782,0.71264,0,0,0.45562,0.4834,0.0,0.65361,0.56896,0.55172,0.0,0.48364,0.73456,0.35057,0.42433,0,0.57808,0.3829,0.0
2015,September,0.7244,0,0.70377,0.77586,0.52217,0.55904,0.54865,0.39466,0.46624,0.67061,0.66584,0,0,0.44356,0.63399,0.52709,0.65791,0.58588,0.23152,0.0,0.46193,0.65198,0.64039,0.5665,0,0.67786,0.3955,0.26601
2015,October,0.63215,0,0.69542,0.67869,0.54532,0.56832,0.50669,0.36963,0.48195,0.66984,0.72971,0,0,0.51814,0.61932,0.18615,0.55324,0.56164,0.18615,0.0,0.45297,0.68491,0.43661,0.62121,0,0.59381,0.44108,0.27922
2015,November,0.68518,0,0.6589,0.81962,0.52157,0.59984,0.63973,0.3243,0.53565,0.59125,0.75036,0,0,0.46338,0.66667,0.88889,0.51299,0.59312,0.11364,0.0,0.52993,0.71591,0.34764,0.55808,0,0.62213,0.39015,0.28788
2015,December,0.75188,0,0.68864,0.68074,0.53936,0.61071,0.59991,0.3161,0.51803,0.53605,0.79564,0,0,0.54546,0.83928,0.70238,0.43899,0.52738,0.24405,0.0,0.51235,0.74405,0.34325,0.66567,0,0.57624,0.46925,0.55754
2016,January,0.71106,0,0.66694,0.74537,0.46106,0.62087,0.59524,0.26988,0.49875,0.65575,0.65491,0,0,0.51592,0.6794,0.5382,0.52431,0.51015,0.07292,0.0,0.5434,0.63194,0.31448,0.67222,0,0.57318,0.52183,0.75868
2016,February,0.72633,0,0.70308,0.68462,0.47714,0.62194,0.57284,0.2765,0.49561,0.58077,0.62225,0,0,0.48188,0.70513,0.3141,0.45085,0.58333,0.25962,0.0,0.54466,0.62019,0.30586,0.63889,0,0.58173,0.4594,0.72756
2016,March,0.8068,0,0.67737,0.64006,0.52802,0.57847,0.61359,0.28492,0.49121,0.62635,0.60096,0,0,0.44289,0.74954,0.0,0.49365,0.62658,0.3743,0.0,0.57734,0.65603,0.32003,0.63967,0,0.64912,0.56494,0.66667
2016,April,0.74178,0,0.66616,0.70874,0.48425,0.60923,0.59852,0.34877,0.47598,0.59975,0.55375,0,0,0.40996,0.68104,0.60838,0.4987,0.63779,0.2069,0.0,0.57056,0.73202,0.38213,0.40197,0,0.58771,0.54778,0.53366
2016,May,0.75572,0,0.70555,0.71828,0.39908,0.65854,0.68083,0.34131,0.46732,0.60667,0.54011,0,0,0.3762,0.72699,0.59701,0.49289,0.55696,0.22687,0.0,0.6031,0.73056,0.40725,0.30597,0,0.58981,0.49005,0.466
2016,June,0.69935,0,0.67944,0.6025,0.43909,0.62644,0.61393,0.4152,0.44252,0.61923,0.53179,0,0,0.328,0.71625,0.46,0.51267,0.495,0.30333,0.0,0.552,0.55975,0.35643,0.44,0,0.57588,0.608,0.62667
2016,July,0.74382,0,0.73312,0.74054,0.49321,0.61242,0.6627,0.36496,0.45502,0.62411,0.71546,0,0,0.41575,0.60689,0.34981,0.46429,0.55621,0.14176,0.0,0.59517,0.70016,0.22253,0.48901,0,0.60553,0.48718,0.48626
2016,August,0.68074,0,0.6938,0.71366,0.4839,0.58288,0.59258,0.3482,0.48728,0.66365,0.69175,0,0,0.52425,0.64834,0.14146,0.59512,0.46951,0.07195,0.0,0.53887,0.58232,0.28195,0.57683,0,0.57683,0.73073,0.50244
2016,September,0.64059,0,0.6637,0.68062,0.56379,0.54023,0.60518,0.3684,0.49671,0.63892,0.61857,0,0,0.51321,0.5856,0.673,0.49367,0.41298,0.11814,0.0,0.49439,0.64107,0.25316,0.63221,0,0.58439,0.53647,0.97046
2016,October,0.67422,0,0.69929,0.69818,0.52021,0.58132,0.56522,0.36452,0.49234,0.57549,0.65809,0,0,0.49731,0.55019,0.59149,0.42153,0.41674,0.28511,0.0,0.47152,0.57408,0.28351,0.65035,0,0.58194,0.41773,0.79433
2016,November,0.62881,0,0.68326,0.73077,0.50168,0.58242,0.56259,0.38633,0.5018,0.59214,0.59751,0,0,0.39169,0.53183,0.94721,0.46154,0.56863,0.27149,0.0,0.46708,0.56425,0.37707,0.65271,0,0.54057,0.59819,0.68477
2016,December,0.65545,0,0.68881,0.63572,0.54719,0.55602,0.49827,0.34978,0.51771,0.56995,0.65897,0,0,0.5766,0.47853,0.91827,0.37363,0.53726,0.0,0.0,0.52628,0.76511,0.34272,0.62767,0,0.57705,0.55048,0.74519
2017,January,0.66358,0,0.66334,0.69012,0.46243,0.63102,0.55447,0.29587,0.5191,0.67207,0.69599,0,0,0.52822,0.43915,0.69856,0.60082,0.48589,0.26543,0.0,0.63726,0.83395,0.32099,0.4177,0,0.5615,0.56049,0.41358
2017,February,0.57942,0,0.56913,0.64318,0.50962,0.56358,0.54746,0.30013,0.50461,0.61819,0.61611,0,0,0.57563,0.54746,0.71728,0.54899,0.75727,0.07383,0.0,0.57962,0.76327,0.26271,0.33221,0,0.59381,0.4,0.0
2017,March,0.6663,0,0.67454,0.65746,0.45549,0.56525,0.49079,0.32526,0.49881,0.70925,0.71095,0,0,0.52096,0.53453,0.71754,0.54205,0.52486,0,0,0.56199,0.6679,0.35754,0.50645,0,0.61326,0.40976,0
2017,April,0.77754,0,0.6631,0.59205,0.52098,0.5287,0.62504,0.35254,0.51476,0.72193,0.70616,0,0,0.49144,0.53629,0.61421,0.43413,0.54082,0,0,0.51151,0.76738,0.32926,0.60428,0,0.63685,0.54679,0
2017,May,0.73438,0,0.68038,0.55073,0.50478,0.52894,0.59918,0.37897,0.48839,0.63134,0.66336,0,0,0.44535,0.47862,0.61277,0.4221,0.4791,0.17935,0,0.61685,0.68056,0.3587,0.5231,0,0.65442,0.5375,0
2017,June,0.73615,0,0.70918,0.73866,0.49849,0.59406,0.57211,0.39541,0.48892,0.65343,0.66167,0,0,0.50578,0.46769,0.75255,0.50816,0.36152,0.42347,0,0.59439,0.54858,0.35568,0.44082,0,0.49505,0.58259,0.81122
2017,July,0.74547,0,0.81215,0.75768,0.49397,0.58919,0.57342,0.34579,0.48858,0.66633,0.70329,0,0,0.48231,0.49365,0.60894,0.57294,0.42831,0.24022,0,0.57263,0.57542,0.40447,0.42737,0,0.57281,0.65223,0.87151
2017,August,0.75999,0,0.71056,0.73811,0.48705,0.56213,0.69365,0.34038,0.51359,0.73999,0.67565,0,0,0.4779,0.50937,0.27461,0.41371,0.43437,0.0,0,0.48565,0.65717,0.47772,0.75302,0,0.58455,0.52451,0.81347
2017,September,0.72356,0,0.68158,0.68792,0.51344,0.58375,0.66009,0.34517,0.50766,0.7124,0.53738,0,0,0.48169,0.56213,0.0,0.57529,0.59046,0.0,0,0.45614,0.61926,0.32895,0.50877,0,0.58849,0.4386,0.51754
2017,October,0.65909,0,0.67778,0.72674,0.60667,0.52106,0.57147,0.42577,0.49441,0.72786,0.55417,0,0,0.57396,0.5787,0.64167,0.57674,0.66583,0.0,0,0.39877,0.59948,0.50521,0.55,0,0.57508,0.48583,0.28055
2017,November,0.62274,0,0.67645,0.68429,0.57542,0.54897,0.58037,0.36908,0.5215,0.68201,0.6704,0,0,0.50345,0.61931,0.63271,0.44185,0.60871,0.0,0,0.40232,0.60498,0.33489,0.37757,0,0.54889,0.53672,0.16822
2017,December,0.61049,0,0.67312,0.6674,0.57086,0.58165,0.56579,0.30706,0.5191,0.62729,0.73814,0,0,0.43636,0.52195,0.59451,0.47125,0.65295,0.0,0,0.51181,0.74945,0.31911,0.51016,0,0.57025,0.56639,0.30366
2018,January,0.63298,0,0.65142,0.65,0.51998,0.57407,0.54576,0.28954,0.52157,0.65956,0.70703,0,0,0.45671,0.47186,0.88312,0.49351,0.70909,0,0,0.59091,0.67832,0.23052,0.53084,0,0.61234,0.69759,0.76623
2018,February,0.60726,0,0.68436,0.52703,0.51516,0.52168,0.53759,0.3006,0.50099,0.61844,0.65923,0,0,0.52072,0.41723,0.80946,0.60649,0.61081,0,0,0.55264,0.54294,0.32072,0.72973,0,0.60955,0.58378,0.93514
2018,March,0.63604,0,0.68553,0.52795,0.55352,0.55938,0.50718,0.31793,0.51367,0.60963,0.60986,0,0,0.57299,0.41778,0.79334,0.59428,0.52489,0,0,0.5123,0.6651,0.3837,0.82,0,0.58155,0.56611,0.47333
2018,April,0.63841,0,0.66458,0.46963,0.49778,0.536,0.49838,0.34503,0.49878,0.64611,0.57778,0,0,0.48606,0.53873,0.8163,0.54272,0.54637,0.32889,0,0.5673,0.73389,0.34765,0.73037,0,0.58851,0.45926,0.54
2018,May,0.61812,0,0.65321,0.59258,0.51835,0.62754,0.52982,0.41118,0.46899,0.6637,0.5841,0,0,0.41845,0.50131,0.76605,0.45288,0.52818,0.0,0,0.53886,0.61468,0.4317,0.64373,0,0.48257,0.40539,0.35138
2018,June,0.79425,0,0.69505,0.61216,0.50799,0.60914,0.6094,0.35035,0.46167,0.64929,0.58957,0,0,0.36612,0.69589,0.70995,0.45695,0.50571,0.0,0,0.55434,0.70972,0.31813,0.56043,0,0.58935,0.38744,0.39179
2018,July,0.78906,0,0.66726,0.67382,0.50977,0.61353,0.54209,0.38532,0.44722,0.59557,0.63785,0,0,0.35505,0.61785,0.66891,0.4899,0.44855,0.0,0,0.45293,0.72819,0.33738,0.55471,0,0.58185,0.40404,0.41919
2018,August,0.76484,0,0.65018,0.6106,0.46588,0.59374,0.5708,0.37597,0.48599,0.5771,0.62835,0,0,0.39333,0.57066,0.71165,0.46792,0.56149,0.0,0,0.49629,0.68077,0.22581,0.49078,0,0.57535,0.53283,0.22062
2018,September,0.69663,0,0.58319,0.58983,0.501,0.57904,0.55445,0.36393,0.50626,0.56885,0.60751,0,0,0.53163,0.6634,0.67872,0.39716,0.56439,0.0,0,0.56472,0.72592,0.15107,0.631,0,0.60742,0.5305,0.33021
2018,October,0.65523,0,0.60163,0.57185,0.52273,0.55637,0.64719,0.37176,0.50851,0.57782,0.57517,0,0,0.50362,0.54254,0.75679,0.48485,0.57891,0.0,0,0.53252,0.62534,0.22078,0.51594,0,0.54976,0.46399,0.38264
2018,November,0.60489,0,0.6543,0.59838,0.61482,0.56083,0.59751,0.38669,0.50236,0.63253,0.63834,0,0,0.43638,0.59207,0.61826,0.62753,0.51037,0.0,0,0.46539,0.62111,0.19621,0.55654,0,0.49289,0.45341,0.44917
2018,December,0.71165,0,0.69497,0.57092,0.58919,0.60576,0.59904,0.30053,0.5225,0.63378,0.64755,0,0,0.53546,0.52074,0.65425,0.45619,0.51891,0.0,0,0.55782,0.69301,0.15653,0.52926,0,0.48888,0.38711,0.21099
2019,January,0.6646,0,0.62669,0.5213,0.56665,0.58513,0.54486,0.33431,0.51189,0.59543,0.60615,0,0,0.47959,0.49689,0.66832,0.64389,0.53586,0.0,0,0.52381,0.67272,0.20083,0.38882,0,0.58385,0.34105,0.50311
2019,February,0.70748,0,0.70284,0.58458,0.55442,0.64055,0.53702,0.28125,0.50526,0.62164,0.70108,0,0,0.48882,0.62099,0.6966,0.59812,0.58009,0.0,0.39456,0.58605,0.7483,0.11856,0.58017,0,0.62338,0.49405,0.21769
2019,March,0.63452,0,0.66896,0.60176,0.57538,0.64555,0.50362,0.28454,0.49858,0.65853,0.73131,0,0,0.52911,0.61198,0.69444,0.5629,0.53156,0.0,0.65625,0.62667,0.74522,0.14193,0.5999,0,0.65086,0.60714,0.81771
2019,April,0.57549,0,0.66738,0.52727,0.5874,0.553,0.48014,0.33734,0.50882,0.59249,0.6608,0,0,0.48958,0.54318,0.56636,0.49659,0.52153,0.0,0.54545,0.49916,0.61051,0.19675,0.53081,0,0.5149,0.59545,0.54545
2019,May,0.66559,0,0.61254,0.55658,0.52774,0.5352,0.47492,0.42214,0.46269,0.57506,0.64196,0,0,0.43487,0.5494,0.84267,0.61172,0.64601,0.0,0.39556,0.59125,0.71503,0.29852,0.52278,0,0.5707,0.57556,0.62
2019,June,0.70301,0,0.6993,0.71355,0.57735,0.57065,0.59466,0.42112,0.43788,0.7218,0.65429,0,0,0.44732,0.60064,0.90156,0.60406,0.69245,0.0,0.0,0.53087,0.7735,0.19258,0.40637,0,0.56723,0.48575,0.0
--------
Year,Action,Adult,Adventure,Animation,Biography,Comedy,Crime,Documentary,Drama,Family,Fantasy,Film Noir,Game Show,History,Horror,Musical,Music,Mystery,News,Reality-TV,Romance,Sci-Fi,Short,Sport,Talk-Show,Thriller,War,Western
2000.0,0.57279,0.0,0.68919,0.6787,0.51716,0.53965,0.51901,0.3875,0.46346,0.73348,0.66239,0.0,0.0,0.40003,0.62311,0.40838,0.48747,0.596,0.0,0.0,0.48139,0.72404,0.56701,0.58439,0.0,0.56272,0.41787,0.44704
2001.0,0.66152,0.0,0.6946,0.56878,0.38499,0.5349,0.61576,0.26937,0.44513,0.6758,0.63282,0.0,0.0,0.436,0.54667,0.43584,0.48063,0.53426,0.0,0.0,0.47725,0.62405,0.48534,0.53805,0.0,0.59148,0.40652,0.4431
2002.0,0.71469,0.0,0.76687,0.7375,0.41754,0.53866,0.51806,0.33497,0.47492,0.73411,0.69741,0.0,0.0,0.433,0.68285,0.53004,0.37635,0.62076,0.0,0.0,0.49212,0.72735,0.58868,0.59815,0.0,0.58006,0.47188,0.9386
2003.0,0.70049,0.29385,0.6834,0.66429,0.52344,0.55445,0.5672,0.33042,0.46726,0.688,0.67646,0.0,0.0,0.50363,0.64301,0.55694,0.44618,0.58024,0.0,0.0,0.49753,0.66853,0.55813,0.55854,0.0,0.62095,0.48912,0.58996
2004.0,0.67842,0.0,0.68211,0.65671,0.58218,0.56164,0.53809,0.38022,0.47294,0.66799,0.62067,0.0,0.0,0.48425,0.54897,0.49045,0.56836,0.61772,0.30143,0.0,0.54401,0.6349,0.59472,0.70532,0.0,0.5725,0.50029,0.58143
2005.0,0.6782,0.0,0.72708,0.67571,0.55431,0.53633,0.59915,0.34593,0.48061,0.74857,0.71877,0.0,0.0,0.42854,0.62365,0.61847,0.54373,0.58574,0.70858,0.0,0.51514,0.71219,0.60811,0.66546,0.0,0.60113,0.38909,0.41982
2006.0,0.71759,0.0,0.77164,0.68282,0.55658,0.56573,0.57339,0.33841,0.4805,0.73161,0.73304,0.0,0.0,0.61743,0.57581,0.60152,0.51671,0.57252,0.85121,0.0,0.52171,0.59621,0.54352,0.69781,0.0,0.6119,0.47231,0.58395
2007.0,0.70777,0.0,0.72292,0.69646,0.59092,0.52388,0.56242,0.31934,0.49605,0.71492,0.67253,0.0,0.0,0.53158,0.63528,0.57045,0.48619,0.58847,0.0,0.0,0.5286,0.69685,0.65795,0.62224,0.0,0.62626,0.5782,0.60903
2008.0,0.67509,0.0,0.73826,0.65927,0.4886,0.57366,0.52642,0.36039,0.48585,0.69189,0.70389,0.0,0.0,0.51475,0.53787,0.55209,0.47498,0.54391,0.54069,0.0,0.54697,0.70283,0.62262,0.54147,0.37379,0.55627,0.53024,0.44985
2009.0,0.68903,0.0,0.68877,0.70554,0.59532,0.53353,0.52223,0.38986,0.47911,0.68799,0.66434,0.0,0.0,0.49189,0.51724,0.53676,0.48885,0.59254,0.61558,0.0,0.54625,0.71931,0.59482,0.59914,0.0,0.5713,0.52103,0.48968
2010.0,0.68722,0.0,0.72863,0.6363,0.52068,0.53891,0.55503,0.34855,0.48842,0.74092,0.67123,0.0,0.0,0.45916,0.58877,0.52391,0.48437,0.6026,0.3981,0.0,0.59418,0.69911,0.63082,0.50187,0.0,0.59801,0.49901,0.60753
2011.0,0.61296,0.0,0.7446,0.71225,0.45571,0.56436,0.48381,0.37899,0.47657,0.70387,0.68078,0.0,0.0,0.44944,0.51684,0.58211,0.4578,0.5832,0.29246,0.0,0.53456,0.70264,0.63229,0.65128,0.0,0.54707,0.42417,0.66729
2012.0,0.64095,0.0,0.70131,0.61114,0.44681,0.54755,0.52966,0.36607,0.49561,0.67667,0.66017,0.0,0.0,0.44381,0.49981,0.50608,0.46803,0.57568,0.30015,0.0,0.5455,0.62551,0.63011,0.56877,0.0,0.56728,0.54523,0.45532
2013.0,0.62095,0.0,0.72276,0.5911,0.53016,0.52967,0.55304,0.40306,0.48842,0.61504,0.63523,0.0,0.0,0.48633,0.45667,0.49057,0.52579,0.48767,0.35721,0.0,0.51998,0.65736,0.60639,0.5913,0.0,0.56691,0.55557,0.54943
2014.0,0.65595,0.0,0.68164,0.57531,0.53785,0.54148,0.54135,0.36872,0.51363,0.6149,0.63068,0.0,0.0,0.45843,0.45509,0.61806,0.48292,0.56866,0.40072,0.0,0.54725,0.6765,0.61628,0.47014,0.0,0.53938,0.55454,0.51767
2015.0,0.65637,0.0,0.68465,0.61871,0.54586,0.54886,0.5071,0.36302,0.4933,0.61094,0.67718,0.0,0.0,0.51188,0.5472,0.57278,0.50077,0.57908,0.33635,0.59693,0.48351,0.65697,0.56843,0.63076,0.0,0.55761,0.52003,0.43002
